fila en tabla grupos;grupo;Inicio busqueda;Fila en la ley;proxima fila en la ley;Row del Item en Items;Max row del grupo en items;ART.;INC.;SINC;Punto de la ley;Obra O instalación;Unidad declarada;Concepto declarado;Unidad adicional declarada;Concepto adicional  declarado;Metodo de calculo;Nombre del rango;Tasa ;Cotización unitaria;Tasa por unidad;Impuesto Minimo;PVO;Articulo 7? Si/no;;BUI_Descripcion local;fila en BUI;BUI_Nrogrupo;BUI_Cantidad de detalle;BUI_Tipo de liquidacion;valor modulo
2;Construcción 1ra Categoría;1;2;7;2;18;13;A;;Art.13,Inc.A;Viviendas 1ra Categoría;M2;Sup. Cbta.;;;tasaconminimo;;0;166,4;166,4;0;1;0;;Valor de Obra-Viviendas-Categoria 1;122;40;1;Total;-
2;Construcción 1ra Categoría;3;7;8;3;18;13;A;;Art.13,Inc.A;Sanatorios privados de 1ra. categoría;M2;Sup. Cbta.;;;tasaconminimo;;0;174,2;174,2;0;1;0;;Valor de Obra-Construcciones para la Atencion de la salud y hospitalaria-Categoria 1;126;44;1;Total;-
2;Construcción 1ra Categoría;8;8;9;4;18;13;A;;Art.13,Inc.A;policlínicos y clínicas de 1ra. categoría;M2;Sup. Cbta.;;;tasaconminimo;;0;174,2;174,2;0;1;0;;Valor de Obra-Construcciones para la Atencion de la salud y hospitalaria-Categoria 1;126;44;1;Total;-
2;Construcción 1ra Categoría;9;9;10;5;18;13;A;;Art.13,Inc.A;mutuales de 1ra. categoría;M2;Sup. Cbta.;;;tasaconminimo;;0;174,2;174,2;0;1;0;;Valor de Obra-Construcciones para la Atencion de la salud y hospitalaria-Categoria 1;126;44;1;Total;-
2;Construcción 1ra Categoría;10;10;11;6;18;13;A;;Art.13,Inc.A;consultorios privados de 1ra. categoría;M2;Sup. Cbta.;;;tasaconminimo;;0;174,2;174,2;0;1;0;;Valor de Obra-Construcciones para la Atencion de la salud y hospitalaria-Categoria 1;126;44;1;Total;-
2;Construcción 1ra Categoría;11;11;12;7;18;13;A;;Art.13,Inc.A;hoteles de 1ra. categoría;M2;Sup. Cbta.;;;tasaconminimo;;0;174,2;174,2;0;1;0;;Valor de Obra-Construcciones para la Atencion de la salud y hospitalaria-Categoria 1;126;44;1;Total;-
2;Construcción 1ra Categoría;12;12;13;8;18;13;A;;Art.13,Inc.A;hogares de 1ra. categoría;M2;Sup. Cbta.;;;tasaconminimo;;0;174,2;174,2;0;1;0;;Valor de Obra-Construcciones para la Atencion de la salud y hospitalaria-Categoria 1;126;44;1;Total;-
2;Construcción 1ra Categoría;13;13;39;9;18;13;A;;Art.13,Inc.A;geriátricos de 1ra. categoría;M2;Sup. Cbta.;;;tasaconminimo;;0;174,2;174,2;0;1;0;;Valor de Obra-Construcciones para la Atencion de la salud y hospitalaria-Categoria 1;126;44;1;Total;-
2;Construcción 1ra Categoría;14;39;40;10;18;13;A;;Art.13,Inc.A;Bancos de 1ra Categoría;M2;Sup. Cbta.;;;tasaconminimo;;0;174,85;174,85;0;1;0;;Valor de obra-Centros de recreación y bancos- Categoria  1;130;48;1;Total;-
2;Construcción 1ra Categoría;40;40;41;11;18;13;A;;Art.13,Inc.A;Clubes de 1ra Categoría;M2;Sup. Cbta.;;;tasaconminimo;;0;174,85;174,85;0;1;0;;Valor de obra-Centros de recreación y bancos- Categoria  1;130;48;1;Total;-
2;Construcción 1ra Categoría;41;41;42;12;18;13;A;;Art.13,Inc.A;Teatros de 1ra Categoría;M2;Sup. Cbta.;;;tasaconminimo;;0;174,85;174,85;0;1;0;;Valor de obra-Centros de recreación y bancos- Categoria  1;130;48;1;Total;-
2;Construcción 1ra Categoría;42;42;49;13;18;13;A;;Art.13,Inc.A;Cineteatros y cinematógrafos de 1ra Categoría;M2;Sup. Cbta.;;;tasaconminimo;;0;174,85;174,85;0;1;0;;Valor de obra-Centros de recreación y bancos- Categoria  1;130;48;1;Total;-
2;Construcción 1ra Categoría;43;49;50;14;18;13;A;;Art.13,Inc.A;Escritorios  de 1ra Categoría;M2;Sup. Cbta.;;;tasaconminimo;;0;162,5;162,5;0;1;0;;Valor de Obra- Escritorios,negocios,salones de actos, galeria comerciales e institutos- Categoria 1;132;50;1;Total;-
2;Construcción 1ra Categoría;50;50;51;15;18;13;A;;Art.13,Inc.A;Salones de negocios  de 1ra Categoría;M2;Sup. Cbta.;;;tasaconminimo;;0;162,5;162,5;0;1;0;;Valor de Obra- Escritorios,negocios,salones de actos, galeria comerciales e institutos- Categoria 1;132;50;1;Total;-
2;Construcción 1ra Categoría;51;51;52;16;18;13;A;;Art.13,Inc.A;Salones de actos de 1ra Categoría;M2;Sup. Cbta.;;;tasaconminimo;;0;162,5;162,5;0;1;0;;Valor de Obra- Escritorios,negocios,salones de actos, galeria comerciales e institutos- Categoria 1;132;50;1;Total;-
2;Construcción 1ra Categoría;52;52;53;17;18;13;A;;Art.13,Inc.A;Galerías comerciales de 1ra Categoría;M2;Sup. Cbta.;;;tasaconminimo;;0;162,5;162,5;0;1;0;;Valor de Obra- Escritorios,negocios,salones de actos, galeria comerciales e institutos- Categoria 1;132;50;1;Total;-
2;Construcción 1ra Categoría;53;53;;18;18;13;A;;Art.13,Inc.A;Institutos de 1ra Categoría;M2;Sup. Cbta.;;;tasaconminimo;;0;162,5;162,5;0;1;0;;Valor de Obra- Escritorios,negocios,salones de actos, galeria comerciales e institutos- Categoria 1;132;50;1;Total;-
3;Construcción 2da Categoría;1;3;15;19;35;13;A;;Art.13,Inc.A;Viviendas 2da Categoría ;M2;Sup. Cbta.;;;tasaconminimo;;0;122,2;122,2;0;1;0;;Valor de Obra-Viviendas-Categoria 2;123;41;1;Total;-
3;Construcción 2da Categoría;4;15;16;20;35;13;A;;Art.13,Inc.A;Sanatorios privados de 2da. categoría;M2;Sup. Cbta.;;;tasaconminimo;;0;150,8;150,8;0;1;0;;Valor de Obra-Construcciones para la Atencion de la salud y hospitalaria-Categoria 2;127;45;1;Total;-
3;Construcción 2da Categoría;16;16;17;21;35;13;A;;Art.13,Inc.A;policlínicos y clínicas de 2da. categoría;M2;Sup. Cbta.;;;tasaconminimo;;0;150,8;150,8;0;1;0;;Valor de Obra-Construcciones para la Atencion de la salud y hospitalaria-Categoria 2;127;45;1;Total;-
3;Construcción 2da Categoría;17;17;18;22;35;13;A;;Art.13,Inc.A;mutuales de 2da. categoría;M2;Sup. Cbta.;;;tasaconminimo;;0;150,8;150,8;0;1;0;;Valor de Obra-Construcciones para la Atencion de la salud y hospitalaria-Categoria 2;127;45;1;Total;-
3;Construcción 2da Categoría;18;18;19;23;35;13;A;;Art.13,Inc.A;consultorios privados de 2da. categoría;M2;Sup. Cbta.;;;tasaconminimo;;0;150,8;150,8;0;1;0;;Valor de Obra-Construcciones para la Atencion de la salud y hospitalaria-Categoria 2;127;45;1;Total;-
3;Construcción 2da Categoría;19;19;20;24;35;13;A;;Art.13,Inc.A;hoteles de 2da. categoría;M2;Sup. Cbta.;;;tasaconminimo;;0;150,8;150,8;0;1;0;;Valor de Obra-Construcciones para la Atencion de la salud y hospitalaria-Categoria 2;127;45;1;Total;-
3;Construcción 2da Categoría;20;20;21;25;35;13;A;;Art.13,Inc.A;hogares de 2da. categoría;M2;Sup. Cbta.;;;tasaconminimo;;0;150,8;150,8;0;1;0;;Valor de Obra-Construcciones para la Atencion de la salud y hospitalaria-Categoria 2;127;45;1;Total;-
3;Construcción 2da Categoría;21;21;44;26;35;13;A;;Art.13,Inc.A;geriátricos de 2da. categoría;M2;Sup. Cbta.;;;tasaconminimo;;0;150,8;150,8;0;1;0;;Valor de Obra-Construcciones para la Atencion de la salud y hospitalaria-Categoria 2;127;45;1;Total;-
3;Construcción 2da Categoría;22;44;45;27;35;13;A;;Art.13,Inc.A;Bancos de 2da Categoría;M2;Sup. Cbta.;;;tasaconminimo;;0;150,8;150,8;0;1;0;;Valor de obra-Centros de recreación y bancos- Categoria  2;131;49;1;Total;-
3;Construcción 2da Categoría;45;45;46;28;35;13;A;;Art.13,Inc.A;Clubes de 2da Categoría;M2;Sup. Cbta.;;;tasaconminimo;;0;150,8;150,8;0;1;0;;Valor de obra-Centros de recreación y bancos- Categoria  2;131;49;1;Total;-
3;Construcción 2da Categoría;46;46;47;29;35;13;A;;Art.13,Inc.A;Teatros de 2da Categoría;M2;Sup. Cbta.;;;tasaconminimo;;0;150,8;150,8;0;1;0;;Valor de obra-Centros de recreación y bancos- Categoria  2;131;49;1;Total;-
3;Construcción 2da Categoría;47;47;55;30;35;13;A;;Art.13,Inc.A;Cineteatros y cinematógrafos de 2da Categoría;M2;Sup. Cbta.;;;tasaconminimo;;0;150,8;150,8;0;1;0;;Valor de obra-Centros de recreación y bancos- Categoria  2;131;49;1;Total;-
3;Construcción 2da Categoría;48;55;56;31;35;13;A;;Art.13,Inc.A;Escritorios  de 2da Categoría;M2;Sup. Cbta.;;;tasaconminimo;;0;141,7;141,7;0;1;0;;Valor de Obra- Escritorios,negocios,salones de actos, galeria comerciales e institutos- Categoria 2;133;51;1;Total;-
3;Construcción 2da Categoría;56;56;57;32;35;13;A;;Art.13,Inc.A;Salones de negocios  de 2da Categoría;M2;Sup. Cbta.;;;tasaconminimo;;0;141,7;141,7;0;1;0;;Valor de Obra- Escritorios,negocios,salones de actos, galeria comerciales e institutos- Categoria 2;133;51;1;Total;-
3;Construcción 2da Categoría;57;57;58;33;35;13;A;;Art.13,Inc.A;Salones de actos de 2da Categoría;M2;Sup. Cbta.;;;tasaconminimo;;0;141,7;141,7;0;1;0;;Valor de Obra- Escritorios,negocios,salones de actos, galeria comerciales e institutos- Categoria 2;133;51;1;Total;-
3;Construcción 2da Categoría;58;58;59;34;35;13;A;;Art.13,Inc.A;Galerías comerciales de 2da Categoría;M2;Sup. Cbta.;;;tasaconminimo;;0;141,7;141,7;0;1;0;;Valor de Obra- Escritorios,negocios,salones de actos, galeria comerciales e institutos- Categoria 2;133;51;1;Total;-
3;Construcción 2da Categoría;59;59;;35;35;13;A;;Art.13,Inc.A;Institutos de 2da Categoría;M2;Sup. Cbta.;;;tasaconminimo;;0;141,7;141,7;0;1;0;;Valor de Obra- Escritorios,negocios,salones de actos, galeria comerciales e institutos- Categoria 2;133;51;1;Total;-
4;Construcción 3ra Categoría;1;4;23;36;48;13;A;;Art.13,Inc.A;Viviendas de 3ra. Categoría;M2;Sup. Cbta.;;;tasaconminimo;;0;107,9;107,9;0;1;0;;Valor de Obra-Viviendas-Categoria 3;124;42;1;Total;-
4;Construcción 3ra Categoría;5;23;24;37;48;13;A;;Art.13,Inc.A;Sanatorios privados de 3ra. categoría;M2;Sup. Cbta.;;;tasaconminimo;;0;122,2;122,2;0;1;0;;Valor de Obra-Construcciones para la Atencion de la salud y hospitalaria-Categoria 3;128;46;1;Total;-
4;Construcción 3ra Categoría;24;24;25;38;48;13;A;;Art.13,Inc.A;policlínicos y clínicas de 3ra. categoría;M2;Sup. Cbta.;;;tasaconminimo;;0;122,2;122,2;0;1;0;;Valor de Obra-Construcciones para la Atencion de la salud y hospitalaria-Categoria 3;128;46;1;Total;-
4;Construcción 3ra Categoría;25;25;26;39;48;13;A;;Art.13,Inc.A;mutuales de 3ra. categoría;M2;Sup. Cbta.;;;tasaconminimo;;0;122,2;122,2;0;1;0;;Valor de Obra-Construcciones para la Atencion de la salud y hospitalaria-Categoria 3;128;46;1;Total;-
4;Construcción 3ra Categoría;26;26;27;40;48;13;A;;Art.13,Inc.A;consultorios privados de 3ra. categoría;M2;Sup. Cbta.;;;tasaconminimo;;0;122,2;122,2;0;1;0;;Valor de Obra-Construcciones para la Atencion de la salud y hospitalaria-Categoria 3;128;46;1;Total;-
4;Construcción 3ra Categoría;27;27;28;41;48;13;A;;Art.13,Inc.A;hoteles de 3ra. categoría;M2;Sup. Cbta.;;;tasaconminimo;;0;122,2;122,2;0;1;0;;Valor de Obra-Construcciones para la Atencion de la salud y hospitalaria-Categoria 3;128;46;1;Total;-
4;Construcción 3ra Categoría;28;28;29;42;48;13;A;;Art.13,Inc.A;hogares de 3ra. categoría;M2;Sup. Cbta.;;;tasaconminimo;;0;122,2;122,2;0;1;0;;Valor de Obra-Construcciones para la Atencion de la salud y hospitalaria-Categoria 3;128;46;1;Total;-
4;Construcción 3ra Categoría;29;29;61;43;48;13;A;;Art.13,Inc.A;geriátricos de 3ra. categoría;M2;Sup. Cbta.;;;tasaconminimo;;0;122,2;122,2;0;1;0;;Valor de Obra-Construcciones para la Atencion de la salud y hospitalaria-Categoria 3;128;46;1;Total;-
4;Construcción 3ra Categoría;30;61;62;44;48;13;A;;Art.13,Inc.A;Escritorios  de 3ra Categoría;M2;Sup. Cbta.;;;tasaconminimo;;0;107,9;107,9;0;1;0;;Valor de Obra- Escritorios,negocios,salones de actos, galeria comerciales e institutos- Categoria 3;134;52;1;Total;-
4;Construcción 3ra Categoría;62;62;63;45;48;13;A;;Art.13,Inc.A;Salones de negocios  de 3ra Categoría;M2;Sup. Cbta.;;;tasaconminimo;;0;107,9;107,9;0;1;0;;Valor de Obra- Escritorios,negocios,salones de actos, galeria comerciales e institutos- Categoria 3;134;52;1;Total;-
4;Construcción 3ra Categoría;63;63;64;46;48;13;A;;Art.13,Inc.A;Salones de actos de 3ra Categoría;M2;Sup. Cbta.;;;tasaconminimo;;0;107,9;107,9;0;1;0;;Valor de Obra- Escritorios,negocios,salones de actos, galeria comerciales e institutos- Categoria 3;134;52;1;Total;-
4;Construcción 3ra Categoría;64;64;65;47;48;13;A;;Art.13,Inc.A;Galerías comerciales de 3ra Categoría;M2;Sup. Cbta.;;;tasaconminimo;;0;107,9;107,9;0;1;0;;Valor de Obra- Escritorios,negocios,salones de actos, galeria comerciales e institutos- Categoria 3;134;52;1;Total;-
4;Construcción 3ra Categoría;65;65;;48;48;13;A;;Art.13,Inc.A;Institutos de 3ra Categoría;M2;Sup. Cbta.;;;tasaconminimo;;0;107,9;107,9;0;1;0;;Valor de Obra- Escritorios,negocios,salones de actos, galeria comerciales e institutos- Categoria 3;134;52;1;Total;-
5;Construcción 4ta Categoría;1;5;31;49;56;13;A;;Art.13,Inc.A;Viviendas de 4ta Categoría;M2;Sup. Cbta.;;;tasaconminimo;;0;80,6;80,6;0;1;0;;Valor de Obra-Viviendas-Categoria 4;125;43;1;Total;-
5;Construcción 4ta Categoría;6;31;32;50;56;13;A;;Art.13,Inc.A;Sanatorios privados de 4ta. categoría;M2;Sup. Cbta.;;;tasaconminimo;;0;107,9;107,9;0;1;0;;Valor de Obra-Construcciones para la Atencion de la salud y hospitalaria-Categoria 4;129;47;1;Total;-
5;Construcción 4ta Categoría;32;32;33;51;56;13;A;;Art.13,Inc.A;policlínicos y clínicas de 4ta. categoría;M2;Sup. Cbta.;;;tasaconminimo;;0;107,9;107,9;0;1;0;;Valor de Obra-Construcciones para la Atencion de la salud y hospitalaria-Categoria 4;129;47;1;Total;-
5;Construcción 4ta Categoría;33;33;34;52;56;13;A;;Art.13,Inc.A;mutuales de 4ta. categoría;M2;Sup. Cbta.;;;tasaconminimo;;0;107,9;107,9;0;1;0;;Valor de Obra-Construcciones para la Atencion de la salud y hospitalaria-Categoria 4;129;47;1;Total;-
5;Construcción 4ta Categoría;34;34;35;53;56;13;A;;Art.13,Inc.A;consultorios privados de 4ta. categoría;M2;Sup. Cbta.;;;tasaconminimo;;0;107,9;107,9;0;1;0;;Valor de Obra-Construcciones para la Atencion de la salud y hospitalaria-Categoria 4;129;47;1;Total;-
5;Construcción 4ta Categoría;35;35;36;54;56;13;A;;Art.13,Inc.A;hoteles de 4ta. categoría;M2;Sup. Cbta.;;;tasaconminimo;;0;107,9;107,9;0;1;0;;Valor de Obra-Construcciones para la Atencion de la salud y hospitalaria-Categoria 4;129;47;1;Total;-
5;Construcción 4ta Categoría;36;36;37;55;56;13;A;;Art.13,Inc.A;hogares de 4ta. categoría;M2;Sup. Cbta.;;;tasaconminimo;;0;107,9;107,9;0;1;0;;Valor de Obra-Construcciones para la Atencion de la salud y hospitalaria-Categoria 4;129;47;1;Total;-
5;Construcción 4ta Categoría;37;37;;56;56;13;A;;Art.13,Inc.A;geriátricos de 4ta. categoría;M2;Sup. Cbta.;;;tasaconminimo;;0;107,9;107,9;0;1;0;;Valor de Obra-Construcciones para la Atencion de la salud y hospitalaria-Categoria 4;129;47;1;Total;-
6;Construcción Categoría Única;1;67;68;57;68;13;A;;Art.13,Inc.A;Garajes, categoria unica;M2;Sup. Cbta.;;;tasaconminimo;;0;117;117;0;1;0;;Valor de Obra-Garage, depósitos, escuela,templos,labortorio,etc.(unica categoria) Categoria 1;135;53;1;Total;-
6;Construcción Categoría Única;68;68;69;58;68;13;A;;Art.13,Inc.A;Mercados, categoria unica;M2;Sup. Cbta.;;;tasaconminimo;;0;117;117;0;1;0;;Valor de Obra-Garage, depósitos, escuela,templos,labortorio,etc.(unica categoria) Categoria 1;135;53;1;Total;-
6;Construcción Categoría Única;69;69;70;59;68;13;A;;Art.13,Inc.A;Estadios, categoria unica;M2;Sup. Cbta.;;;tasaconminimo;;0;117;117;0;1;0;;Valor de Obra-Garage, depósitos, escuela,templos,labortorio,etc.(unica categoria) Categoria 1;135;53;1;Total;-
6;Construcción Categoría Única;70;70;71;60;68;13;A;;Art.13,Inc.A;Tinglados, categoria unica;M2;Sup. Cbta.;;;tasaconminimo;;0;117;117;0;1;0;;Valor de Obra-Garage, depósitos, escuela,templos,labortorio,etc.(unica categoria) Categoria 1;135;53;1;Total;-
6;Construcción Categoría Única;71;71;72;61;68;13;A;;Art.13,Inc.A;Fábricas, categoria unica;M2;Sup. Cbta.;;;tasaconminimo;;0;117;117;0;1;0;;Valor de Obra-Garage, depósitos, escuela,templos,labortorio,etc.(unica categoria) Categoria 1;135;53;1;Total;-
6;Construcción Categoría Única;72;72;73;62;68;13;A;;Art.13,Inc.A;Depósitos, categoria unica;M2;Sup. Cbta.;;;tasaconminimo;;0;117;117;0;1;0;;Valor de Obra-Garage, depósitos, escuela,templos,labortorio,etc.(unica categoria) Categoria 1;135;53;1;Total;-
6;Construcción Categoría Única;73;73;74;63;68;13;A;;Art.13,Inc.A;Escuelas, categoria unica;M2;Sup. Cbta.;;;tasaconminimo;;0;117;117;0;1;0;;Valor de Obra-Garage, depósitos, escuela,templos,labortorio,etc.(unica categoria) Categoria 1;135;53;1;Total;-
6;Construcción Categoría Única;74;74;75;64;68;13;A;;Art.13,Inc.A;Bibliotecas, categoria unica;M2;Sup. Cbta.;;;tasaconminimo;;0;117;117;0;1;0;;Valor de Obra-Garage, depósitos, escuela,templos,labortorio,etc.(unica categoria) Categoria 1;135;53;1;Total;-
6;Construcción Categoría Única;75;75;76;65;68;13;A;;Art.13,Inc.A;Museos, categoria unica;M2;Sup. Cbta.;;;tasaconminimo;;0;117;117;0;1;0;;Valor de Obra-Garage, depósitos, escuela,templos,labortorio,etc.(unica categoria) Categoria 1;135;53;1;Total;-
6;Construcción Categoría Única;76;76;77;66;68;13;A;;Art.13,Inc.A;Templos, categoria unica;M2;Sup. Cbta.;;;tasaconminimo;;0;117;117;0;1;0;;Valor de Obra-Garage, depósitos, escuela,templos,labortorio,etc.(unica categoria) Categoria 1;135;53;1;Total;-
6;Construcción Categoría Única;77;77;78;67;68;13;A;;Art.13,Inc.A;Laboratorios, categoria unica;M2;Sup. Cbta.;;;tasaconminimo;;0;117;117;0;1;0;;Valor de Obra-Garage, depósitos, escuela,templos,labortorio,etc.(unica categoria) Categoria 1;135;53;1;Total;-
6;Construcción Categoría Única;78;78;;68;68;13;A;;Art.13,Inc.A;Eestaciones de servicio, categoria unica;M2;Sup. Cbta.;;;tasaconminimo;;0;117;117;0;1;0;;Valor de Obra-Garage, depósitos, escuela,templos,labortorio,etc.(unica categoria) Categoria 1;135;53;1;Total;-
7;Construcción no tabulada en la ley;1;80;;69;69;13;A;;Art.13,Inc.A;Clase  o Categoría no previstas en la ley 5494;$;Valor de la obra en pesos;;;tasaconminimo;;0,01;0;0,01;0;0;0;;Derechos por Delin. y construcc. y Tasa por Verificac. de Obra. 1% Valor de obra;119;37;1;Total;-
8;Completamiento Tejido;1;81;;70;70;15;;;Art.15;Completamiento de tejido;M2;Sup. Cbta.;;;tasaconminimo;;0;1190;1190;0;0;0;;0;ERROR ***;#¡REF!;#¡REF!;#¡REF!;#¡REF!
9;elevadores y montacargas;1;105;106;71;80;22;7;1;Art.22,Inc.7,Subinc.1;Ascensores;Ascensores;Cantidad;Paradas;Cantidad;tasa por cantidad y rangos;22-7-1;0;0;1;6245;0;0;;Instalaciones de elevadores;12;6;2;detalle;-
9;elevadores y montacargas;106;106;107;72;80;22;7;2;Art.22,Inc.7,Subinc.2;Instalaciones de escaleras mecánicas por cada tramo;Tramos;Cantidad;;;tasaconminimo;;0;2955;2955;0;0;0;;Instalaciones de escaleras mecánicas por cada tramo;14;7;1;Total;-
9;elevadores y montacargas;107;107;108;73;80;22;7;3;Art.22,Inc.7,Subinc.3;Instalaciones de guarda mecanizada de vehículos;Guardas;Cantidad;;;tasaconminimo;;0;29180;29180;0;0;0;;Instalaciones de guarda mecanizada de vehículos por la instalación;15;8;1;Total;-
9;elevadores y montacargas;108;108;109;74;80;22;7;4;Art.22,Inc.7,Subinc.4;Instalaciones de rampas móviles para vehículos;Rampas;Cantidad;;;tasaconminimo;;0;3785;3785;0;0;0;;Instalaciones de rampas moviles para vehiculos: por la Instalacion;16;9;1;Total;-
9;elevadores y montacargas;109;109;110;75;80;22;7;5;Art.22,Inc.7,Subinc.5;Instalaciones de monta-autos hidráulicos;Monta-autos;Cantidad;;;tasaconminimo;;0;12500;12500;0;0;0;;Instalaciones de monta - autos Hidraulicos: por la Instalacion;17;10;1;Total;-
9;elevadores y montacargas;110;110;111;76;80;22;7;6;Art.22,Inc.7,Subinc.6;Montacargas ;Montacargas;Cantidad;Kilos;Cantidad;valor por cantidad y rangos;22-7-6;0;0;1;0;0;0;;Instalacion de Montacargas.;77;34;3;detalle;-
9;elevadores y montacargas;111;111;112;77;80;22;7;7;Art.22,Inc.7,Subinc.7;Medios mecánicos de elevación para personas discapacitadas o con circunstancias discapacitantes conf. Ley 962;Ascensores;Cantidad;;;tasaconminimo;;0;2595;2595;0;0;0;;Medios mecánicos de elevación p/Personas discapacitadas;37;22;1;Total;-
9;elevadores y montacargas;112;112;113;78;80;22;7;8;Art.22,Inc.7,Subinc.8;reformas realizadas en ascensores existentes como cambio de tableros, puertas o máquinas de tracción con permiso;Ascensores;Cantidad;Paradas;Cantidad;tasa por cantidad y rangos;22-7-8;0;0;1;1873,5;0;0;;P/reformas en ascensores 30 % de los der.de reg.que corresp. inst.de un ascensor;38;23;1;Total;-
9;elevadores y montacargas;113;113;114;79;80;22;7;9;Art.22,Inc.7,Subinc.9;"Ascensor de Instalación temporaria para obras en
Construcción";Ascensores;Cantidad;;;tasaconminimo;;0;14295;14295;0;0;0;;Ascensor de instalación temporaria para obras en construcción;39;24;1;Total;-
9;elevadores y montacargas;114;114;;80;80;22;7;10;Art.22,Inc.7,Subinc.10;"Montacargas de Instalación Temporaria para obras en
construcción";Montacargas;Cantidad;;;tasaconminimo;;0;8580;8580;0;0;0;;Montacargas de instalación temporaria para obras en construcción;40;25;1;Total;-
10;Instalaciones eléctricas y electromecánicas;1;92;93;81;84;22;1;;Art.22,Inc.1;Instalaciones eléctricas y electromecánicas en inmuebles de vivienda;KW;Cantidad;;;tasaxrangos;22-1;0;0;1;1140;0;0;;Instalaciones eléctricas (vivienda)/Electromecánicas (vivienda y obra civil);42;27;5;detalle;1140
10;Instalaciones eléctricas y electromecánicas;93;93;94;82;84;22;1;;Art.22,Inc.1;Electromecánicas de obra civil (máquina de obra);KW;Cantidad;;;tasaxrangos;22-1;0;0;1;1140;0;0;;Instalaciones eléctricas (vivienda)/Electromecánicas (vivienda y obra civil);42;27;5;detalle;1140
10;Instalaciones eléctricas y electromecánicas;94;94;95;83;84;22;2;;Art.22,Inc.2;Instalaciones eléctricas en locales de comercio, industrias, talleres, depósitos y de espectáculos públicos:;KW;Cantidad;;;tasaxrangos;22-2;0;0;1;1405;0;0;;Inst. eléctricas en Loc. Com./indust/tall/depos./espectáculos púb. ;47;28;6;detalle;1405
10;Instalaciones eléctricas y electromecánicas;95;95;;84;84;22;3;;Art.22,Inc.3;Instalaciones electromecánicas en locales de comercio, industrias, talleres, depósitos y de espectáculos públicos:;KW;Cantidad;;;tasaxrangos;22-3;0;0;1;1405;0;0;;Inst. electrom. en loc. de com, indust, tall, depos. y espect. Púb. hasta 30 Kw;53;29;5;detalle;1405
11;Instalaciones térmicas de vapor y agua caliente;1;96;97;85;88;22;4;1;Art.22,Inc.4,Subinc.1;"Calderas de agua caliente y vapor a baja presión (menor o igual a 0,3 Kg/cm2):
";M2;Sup. Calefaccionada;;;tasaxrangos;22-4-1;0;0;1;1405;0;0;;Inst. térmicas. Calderas agua caliente/vapor a bja presión. ;58;30;3;detalle;1405
11;Instalaciones térmicas de vapor y agua caliente;97;97;98;86;88;22;4;2;Art.22,Inc.4,Subinc.2;Calderas de vapor de alta presión (mayor de 0,3 Kg/cm2):;M2;Sup. Calefaccionada;;;tasaxrangos;22-4-2;0;0;1;1405;0;0;;Inst.térmicas. Calderas de vapor de alta presión.;61;31;3;detalle;1405
11;Instalaciones térmicas de vapor y agua caliente;98;98;99;87;88;22;4;3;Art.22,Inc.4,Subinc.3;radiadores, serpentinas independizables en superficie radiante u otro artefacto que utilice agua caliente o vapor producido en la caldera;Artefactos;Cantidad;;;tasaxrangos;22-4-3;0;0;1;1320;0;0;;P/rad/serpen ind.sup.radiante u otro artef. agua caliente/vapor. ;64;32;5;detalle;1320
11;Instalaciones térmicas de vapor y agua caliente;99;99;;88;88;22;4;4;Art.22,Inc.4,Subinc.4;Otras máquinas que reciben vapor;Maquinas;Cantidad;;;tasaxrangos;22-4-4;0;0;1;1320;0;0;;P/rad/serpen ind.sup.radiante u otro artef. agua caliente/vapor. ;64;32;5;detalle;1320
12;Instalaciones inflamables;1;101;102;89;92;22;6;1;Art.22,Inc.6,Subinc.1;tanque correspondiente a instalaciones de petróleo que alimentan calderas, hornos, etcétera;Tanques;Cantidad;;;tasaconminimo;;0;2770;2770;0;0;0;;Inst inflam. P/c/tanque corresp. inst. petróleo alimetan calderas, hornos, etc.;8;2;1;Total;-
12;Instalaciones inflamables;102;102;103;90;92;22;6;2;Art.22,Inc.6,Subinc.2;tanque correspondiente a instalaciones de nafta en estaciones de servicio, garages;Tanques;Cantidad;;;tasaconminimo;;0;4145;4145;0;0;0;;Inst. inflamables. P/c/tanque corresp  inst. de nafta est de serv/garages.;9;3;1;Total;-
12;Instalaciones inflamables;103;103;104;91;92;22;6;3;Art.22,Inc.6,Subinc.3;tanque correspondiente a instalaciones de solvente en talleres de lavado y planchado de ropa.;Tanques;Cantidad;;;tasaconminimo;;0;1405;1405;0;0;0;;Inst. inflam. P/c/tanque corresp. inst. solvente talleres de lav/planchado ropa.;10;4;1;Total;-
12;Instalaciones inflamables;104;104;;92;92;22;6;4;Art.22,Inc.6,Subinc.4;Tanque correspondiente a instalaciones de otros líquidos inflamables en industrias;Tanques;Cantidad;;;tasaconminimo;;0;3645;3645;0;0;0;;Inst. inflamables. P/c/tanque corresp. a inst. de otros líq. inflamables en ind.;11;5;1;Total;-
13;Medidas c/Incendio en instalaciones de riesgo 1;1;158;169;93;94;22;9;;Art.22,Inc.9;EXTINTORES en Depositos de Garrafas (rgo. 1);Extintores;Cantidad;;;tasaconminimo;;0;0;1;8950;0;0;;Módulos de condiciones contra incendio. Uso Industrial/Depósitos/Comercial/Otros. -Extintores;26;16;1;Total;895
13;Medidas c/Incendio en instalaciones de riesgo 1;159;169;;94;94;22;9;;Art.22,Inc.9;HIDRANTES en Depositos de Garrafas (rgo. 1);HIDRANTES;Cantidad;;;tasaxrangos;rango hidrantes;0;0;1;10740;0;0;;Módulos de condiciones contra incendio. Uso Industrial/Depósitos/Comercial/Otros.  - Hidrantes;27;17;2;detalle;895
14;Medidas c/Incendio en instalaciones de riesgo 2;1;132;137;95;116;22;9;;Art.22,Inc.9;EXTINTORES en Locales comerciales (rgo. 2);Extintores;Cantidad;;;tasaconminimo;;0;0;1;5370;0;0;;Módulos de condiciones contra incendio. Uso Industrial/Depósitos/Comercial/Otros. -Extintores;26;16;1;Total;895
14;Medidas c/Incendio en instalaciones de riesgo 2;133;137;140;96;116;22;9;;Art.22,Inc.9;EXTINTORES en Industria (rgo. 2);Extintores;Cantidad;;;tasaconminimo;;0;0;1;5370;0;0;;Módulos de condiciones contra incendio. Uso Industrial/Depósitos/Comercial/Otros. -Extintores;26;16;1;Total;895
14;Medidas c/Incendio en instalaciones de riesgo 2;138;140;154;97;116;22;9;;Art.22,Inc.9;EXTINTORES en Depositos (rgo. 2);Extintores;Cantidad;;;tasaconminimo;;0;0;1;5370;0;0;;Módulos de condiciones contra incendio. Uso Industrial/Depósitos/Comercial/Otros. -Extintores;26;16;1;Total;895
14;Medidas c/Incendio en instalaciones de riesgo 2;141;154;161;98;116;22;9;;Art.22,Inc.9;EXTINTORES en Deposito e Industria (aire libre) (rgo. 2);Extintores;Cantidad;;;tasaconminimo;;0;0;1;5370;0;0;;Módulos de condiciones contra incendio. Uso Industrial/Depósitos/Comercial/Otros. -Extintores;26;16;1;Total;895
14;Medidas c/Incendio en instalaciones de riesgo 2;155;161;166;99;116;22;9;;Art.22,Inc.9;HIDRANTES en Locales comerciales (rgo. 2);HIDRANTES;Cantidad;;;tasaxrangos;rango hidrantes;0;0;1;8950;0;0;;Módulos de condiciones contra incendio. Uso Industrial/Depósitos/Comercial/Otros.  - Hidrantes;27;17;2;detalle;895
14;Medidas c/Incendio en instalaciones de riesgo 2;162;166;170;100;116;22;9;;Art.22,Inc.9;HIDRANTES en Industria (rgo. 2);HIDRANTES;Cantidad;;;tasaxrangos;rango hidrantes;0;0;1;8950;0;0;;Módulos de condiciones contra incendio. Uso Industrial/Depósitos/Comercial/Otros.  - Hidrantes;27;17;2;detalle;895
14;Medidas c/Incendio en instalaciones de riesgo 2;167;170;183;101;116;22;9;;Art.22,Inc.9;HIDRANTES en Depositos (rgo. 2);HIDRANTES;Cantidad;;;tasaxrangos;rango hidrantes;0;0;1;8950;0;0;;Módulos de condiciones contra incendio. Uso Industrial/Depósitos/Comercial/Otros.  - Hidrantes;27;17;2;detalle;895
14;Medidas c/Incendio en instalaciones de riesgo 2;171;183;199;102;116;22;9;;Art.22,Inc.9;HIDRANTES en Deposito e Industria (aire libre) (rgo. 2);HIDRANTES;Cantidad;;;tasaxrangos;rango hidrantes;0;0;1;8950;0;0;;Módulos de condiciones contra incendio. Uso Industrial/Depósitos/Comercial/Otros.  - Hidrantes;27;17;2;detalle;895
14;Medidas c/Incendio en instalaciones de riesgo 2;184;199;201;103;116;22;9;;Art.22,Inc.9;ROCIADORES en Locales comerciales (rgo. 2);ROCIADORES;Cantidad;;;tasaxrangos;rango rociadores;0;0;1;8950;0;0;;Módulos de condiciones contra incendio. Uso Industrial/Depósitos/Comercial/Otros -  /rociadores/sprinklers;29;18;2;detalle;895
14;Medidas c/Incendio en instalaciones de riesgo 2;200;201;202;104;116;22;9;;Art.22,Inc.9;ROCIADORES en Industria (rgo. 2);ROCIADORES;Cantidad;;;tasaxrangos;rango rociadores;0;0;1;8950;0;0;;Módulos de condiciones contra incendio. Uso Industrial/Depósitos/Comercial/Otros -  /rociadores/sprinklers;29;18;2;detalle;895
14;Medidas c/Incendio en instalaciones de riesgo 2;202;202;206;105;116;22;9;;Art.22,Inc.9;ROCIADORES en Depositos (rgo. 2);ROCIADORES;Cantidad;;;tasaxrangos;rango rociadores;0;0;1;8950;0;0;;Módulos de condiciones contra incendio. Uso Industrial/Depósitos/Comercial/Otros -  /rociadores/sprinklers;29;18;2;detalle;895
14;Medidas c/Incendio en instalaciones de riesgo 2;203;206;211;106;116;22;9;;Art.22,Inc.9;SIST.ESPEC. en Locales comerciales (rgo. 2);SIST.ESPEC.;Cantidad;;;tasaconminimo;;0;0;1;114560;0;0;;Módulos de condiciones contra incendio. Uso Industrial/Depósitos/Comercial/Otros. -sistemas especiales;25;15;1;Total;895
14;Medidas c/Incendio en instalaciones de riesgo 2;207;211;214;107;116;22;9;;Art.22,Inc.9;SIST.ESPEC. en Industria (rgo. 2);SIST.ESPEC.;Cantidad;;;tasaconminimo;;0;0;1;10740;0;0;;Módulos de condiciones contra incendio. Uso Industrial/Depósitos/Comercial/Otros. -sistemas especiales;25;15;1;Total;895
14;Medidas c/Incendio en instalaciones de riesgo 2;212;214;225;108;116;22;9;;Art.22,Inc.9;SIST.ESPEC. en Depositos (rgo. 2);SIST.ESPEC.;Cantidad;;;tasaconminimo;;0;0;1;10740;0;0;;Módulos de condiciones contra incendio. Uso Industrial/Depósitos/Comercial/Otros. -sistemas especiales;25;15;1;Total;895
14;Medidas c/Incendio en instalaciones de riesgo 2;215;225;230;109;116;22;9;;Art.22,Inc.9;S.DETECCION en Locales comerciales (rgo. 2);S.DETECCION;Cantidad;;;tasaxrangos;rango s.deteccion;0;0;1;7160;0;0;;Módulos de condiciones contra incendio. Uso Industrial/Depósitos/Comercial/Otros - detectores;31;19;2;detalle;895
14;Medidas c/Incendio en instalaciones de riesgo 2;226;230;233;110;116;22;9;;Art.22,Inc.9;S.DETECCION en Industria (rgo. 2);S.DETECCION;Cantidad;;;tasaxrangos;rango s.deteccion;0;0;1;7160;0;0;;Módulos de condiciones contra incendio. Uso Industrial/Depósitos/Comercial/Otros - detectores;31;19;2;detalle;895
14;Medidas c/Incendio en instalaciones de riesgo 2;231;233;247;111;116;22;9;;Art.22,Inc.9;S.DETECCION en Depositos (rgo. 2);S.DETECCION;Cantidad;;;tasaxrangos;rango s.deteccion;0;0;1;7160;0;0;;Módulos de condiciones contra incendio. Uso Industrial/Depósitos/Comercial/Otros - detectores;31;19;2;detalle;895
14;Medidas c/Incendio en instalaciones de riesgo 2;234;247;250;112;116;22;9;;Art.22,Inc.9;Escalera c/Incendios MENOR 12 m en Industria (rgo. 2);Escaleras;Cantidad;;;tasaconminimo;;0;1790;1790;0;0;0;;Módulos de condiciones contra incendio. Uso Industrial/Depósitos/Comercial/Otros. -Escaleras;35;21;1;Total;895
14;Medidas c/Incendio en instalaciones de riesgo 2;248;250;256;113;116;22;9;;Art.22,Inc.9;Escalera c/Incendios MENOR 12 m en Comercial (rgo. 2);Escaleras;Cantidad;;;tasaconminimo;;0;1790;1790;0;0;0;;Módulos de condiciones contra incendio. Uso Industrial/Depósitos/Comercial/Otros. -Escaleras;35;21;1;Total;895
14;Medidas c/Incendio en instalaciones de riesgo 2;251;256;259;114;116;22;9;;Art.22,Inc.9;Escalera c/Incendios HASTA 30 m en Industria (rgo. 2);Escaleras;Cantidad;;;tasaconminimo;;0;2685;2685;0;0;0;;Módulos de condiciones contra incendio. Uso Industrial/Depósitos/Comercial/Otros. -Escaleras;35;21;1;Total;895
14;Medidas c/Incendio en instalaciones de riesgo 2;257;259;265;115;116;22;9;;Art.22,Inc.9;Escalera c/Incendios HASTA 30 m en Comercial (rgo. 2);Escaleras;Cantidad;;;tasaconminimo;;0;2685;2685;0;0;0;;Módulos de condiciones contra incendio. Uso Industrial/Depósitos/Comercial/Otros. -Escaleras;35;21;1;Total;895
14;Medidas c/Incendio en instalaciones de riesgo 2;260;265;;116;116;22;9;;Art.22,Inc.9;Escalera c/Incendios MAYOR  30 m en Comercial (rgo. 2);Escaleras;Cantidad;;;tasaconminimo;;0;3580;3580;0;0;0;;Módulos de condiciones contra incendio. Uso Industrial/Depósitos/Comercial/Otros. -Escaleras;35;21;1;Total;895
15;Medidas c/Incendio en instalaciones de riesgo 3;1;129;130;117;185;22;9;;Art.22,Inc.9;EXTINTORES en Vivienda colectiva (rgo. 3);Extintores;Cantidad;;;tasaconminimo;;0;0;1;900;0;0;;Módulos de condiciones contra incendio. Uso Residencial - Extintores;18;11;1;Total;450
15;Medidas c/Incendio en instalaciones de riesgo 3;130;130;131;118;185;22;9;;Art.22,Inc.9;EXTINTORES en Banco/Hotel (rgo. 3);Extintores;Cantidad;;;tasaconminimo;;0;0;1;3580;0;0;;Módulos de condiciones contra incendio. Uso Industrial/Depósitos/Comercial/Otros. -Extintores;26;16;1;Total;895
15;Medidas c/Incendio en instalaciones de riesgo 3;131;131;133;119;185;22;9;;Art.22,Inc.9;EXTINTORES en Actividades Administrativas (rgo. 3);Extintores;Cantidad;;;tasaconminimo;;0;0;1;3580;0;0;;Módulos de condiciones contra incendio. Uso Industrial/Depósitos/Comercial/Otros. -Extintores;26;16;1;Total;895
15;Medidas c/Incendio en instalaciones de riesgo 3;132;133;135;120;185;22;9;;Art.22,Inc.9;EXTINTORES en Locales comerciales (rgo. 3);Extintores;Cantidad;;;tasaconminimo;;0;0;1;3580;0;0;;Módulos de condiciones contra incendio. Uso Industrial/Depósitos/Comercial/Otros. -Extintores;26;16;1;Total;895
15;Medidas c/Incendio en instalaciones de riesgo 3;134;135;138;121;185;22;9;;Art.22,Inc.9;EXTINTORES en Galerias comerciales (rgo. 3);Extintores;Cantidad;;;tasaconminimo;;0;0;1;7160;0;0;;Módulos de condiciones contra incendio. Uso Industrial/Depósitos/Comercial/Otros. -Extintores;26;16;1;Total;895
15;Medidas c/Incendio en instalaciones de riesgo 3;136;138;141;122;185;22;9;;Art.22,Inc.9;EXTINTORES en Industria (rgo. 3);Extintores;Cantidad;;;tasaconminimo;;0;0;1;3580;0;0;;Módulos de condiciones contra incendio. Uso Industrial/Depósitos/Comercial/Otros. -Extintores;26;16;1;Total;895
15;Medidas c/Incendio en instalaciones de riesgo 3;139;141;144;123;185;22;9;;Art.22,Inc.9;EXTINTORES en Depositos (rgo. 3);Extintores;Cantidad;;;tasaconminimo;;0;0;1;3580;0;0;;Módulos de condiciones contra incendio. Uso Industrial/Depósitos/Comercial/Otros. -Extintores;26;16;1;Total;895
15;Medidas c/Incendio en instalaciones de riesgo 3;142;144;145;124;185;22;9;;Art.22,Inc.9;EXTINTORES en Cine Teatro (rgo. 3);Extintores;Cantidad;;;tasaconminimo;;0;0;1;5370;0;0;;Módulos de condiciones contra incendio. Uso Industrial/Depósitos/Comercial/Otros. -Extintores;26;16;1;Total;895
15;Medidas c/Incendio en instalaciones de riesgo 3;145;145;150;125;185;22;9;;Art.22,Inc.9;EXTINTORES en Television (rgo. 3);Extintores;Cantidad;;;tasaconminimo;;0;0;1;5370;0;0;;Módulos de condiciones contra incendio. Uso Industrial/Depósitos/Comercial/Otros. -Extintores;26;16;1;Total;895
15;Medidas c/Incendio en instalaciones de riesgo 3;146;150;151;126;185;22;9;;Art.22,Inc.9;EXTINTORES en Estacion de servicio Garages (rgo. 3);Extintores;Cantidad;;;tasaconminimo;;0;0;1;3580;0;0;;Módulos de condiciones contra incendio. Uso Industrial/Depósitos/Comercial/Otros. -Extintores;26;16;1;Total;895
15;Medidas c/Incendio en instalaciones de riesgo 3;151;151;153;127;185;22;9;;Art.22,Inc.9;EXTINTORES en Industrias Taller mecanico (rgo. 3);Extintores;Cantidad;;;tasaconminimo;;0;0;1;3580;0;0;;Módulos de condiciones contra incendio. Uso Industrial/Depósitos/Comercial/Otros. -Extintores;26;16;1;Total;895
15;Medidas c/Incendio en instalaciones de riesgo 3;152;153;155;128;185;22;9;;Art.22,Inc.9;EXTINTORES en Guarda Mecanizada (rgo. 3);Extintores;Cantidad;;;tasaconminimo;;0;0;1;3580;0;0;;Módulos de condiciones contra incendio. Uso Industrial/Depósitos/Comercial/Otros. -Extintores;26;16;1;Total;895
15;Medidas c/Incendio en instalaciones de riesgo 3;154;155;157;129;185;22;9;;Art.22,Inc.9;EXTINTORES en Deposito e Industria (aire libre) (rgo. 3);Extintores;Cantidad;;;tasaconminimo;;0;0;1;3580;0;0;;Módulos de condiciones contra incendio. Uso Industrial/Depósitos/Comercial/Otros. -Extintores;26;16;1;Total;895
15;Medidas c/Incendio en instalaciones de riesgo 3;156;157;159;130;185;22;9;;Art.22,Inc.9;HIDRANTES en Vivienda colectiva (rgo. 3);HIDRANTES;Cantidad;;;tasaxrangos;rango hidrantes;0;0;1;1350;0;0;;Módulos de condiciones contra incendio. Uso Residencial - Hidrantes;19;12;2;detalle;450
15;Medidas c/Incendio en instalaciones de riesgo 3;158;159;160;131;185;22;9;;Art.22,Inc.9;HIDRANTES en Banco/Hotel (rgo. 3);HIDRANTES;Cantidad;;;tasaxrangos;rango hidrantes;0;0;1;5370;0;0;;Módulos de condiciones contra incendio. Uso Industrial/Depósitos/Comercial/Otros.  - Hidrantes;27;17;2;detalle;895
15;Medidas c/Incendio en instalaciones de riesgo 3;160;160;162;132;185;22;9;;Art.22,Inc.9;HIDRANTES en Actividades Administrativas (rgo. 3);HIDRANTES;Cantidad;;;tasaxrangos;rango hidrantes;0;0;1;5370;0;0;;Módulos de condiciones contra incendio. Uso Industrial/Depósitos/Comercial/Otros.  - Hidrantes;27;17;2;detalle;895
15;Medidas c/Incendio en instalaciones de riesgo 3;161;162;164;133;185;22;9;;Art.22,Inc.9;HIDRANTES en Locales comerciales (rgo. 3);HIDRANTES;Cantidad;;;tasaxrangos;rango hidrantes;0;0;1;5370;0;0;;Módulos de condiciones contra incendio. Uso Industrial/Depósitos/Comercial/Otros.  - Hidrantes;27;17;2;detalle;895
15;Medidas c/Incendio en instalaciones de riesgo 3;163;164;167;134;185;22;9;;Art.22,Inc.9;HIDRANTES en Galerias comerciales (rgo. 3);HIDRANTES;Cantidad;;;tasaxrangos;rango hidrantes;0;0;1;8950;0;0;;Módulos de condiciones contra incendio. Uso Industrial/Depósitos/Comercial/Otros.  - Hidrantes;27;17;2;detalle;895
15;Medidas c/Incendio en instalaciones de riesgo 3;165;167;171;135;185;22;9;;Art.22,Inc.9;HIDRANTES en Industria (rgo. 3);HIDRANTES;Cantidad;;;tasaxrangos;rango hidrantes;0;0;1;5370;0;0;;Módulos de condiciones contra incendio. Uso Industrial/Depósitos/Comercial/Otros.  - Hidrantes;27;17;2;detalle;895
15;Medidas c/Incendio en instalaciones de riesgo 3;168;171;174;136;185;22;9;;Art.22,Inc.9;HIDRANTES en Depositos (rgo. 3);HIDRANTES;Cantidad;;;tasaxrangos;rango hidrantes;0;0;1;5370;0;0;;Módulos de condiciones contra incendio. Uso Industrial/Depósitos/Comercial/Otros.  - Hidrantes;27;17;2;detalle;895
15;Medidas c/Incendio en instalaciones de riesgo 3;172;174;175;137;185;22;9;;Art.22,Inc.9;HIDRANTES en Cine Teatro (rgo. 3);HIDRANTES;Cantidad;;;tasaxrangos;rango hidrantes;0;0;1;7160;0;0;;Módulos de condiciones contra incendio. Uso Industrial/Depósitos/Comercial/Otros.  - Hidrantes;27;17;2;detalle;895
15;Medidas c/Incendio en instalaciones de riesgo 3;175;175;179;138;185;22;9;;Art.22,Inc.9;HIDRANTES en Television (rgo. 3);HIDRANTES;Cantidad;;;tasaxrangos;rango hidrantes;0;0;1;7160;0;0;;Módulos de condiciones contra incendio. Uso Industrial/Depósitos/Comercial/Otros.  - Hidrantes;27;17;2;detalle;895
15;Medidas c/Incendio en instalaciones de riesgo 3;176;179;180;139;185;22;9;;Art.22,Inc.9;HIDRANTES en Estacion de servicio Garages (rgo. 3);HIDRANTES;Cantidad;;;tasaxrangos;rango hidrantes;0;0;1;5370;0;0;;Módulos de condiciones contra incendio. Uso Industrial/Depósitos/Comercial/Otros.  - Hidrantes;27;17;2;detalle;895
15;Medidas c/Incendio en instalaciones de riesgo 3;180;180;182;140;185;22;9;;Art.22,Inc.9;HIDRANTES en Industrias Taller mecanico (rgo. 3);HIDRANTES;Cantidad;;;tasaxrangos;rango hidrantes;0;0;1;5370;0;0;;Módulos de condiciones contra incendio. Uso Industrial/Depósitos/Comercial/Otros.  - Hidrantes;27;17;2;detalle;895
15;Medidas c/Incendio en instalaciones de riesgo 3;181;182;184;141;185;22;9;;Art.22,Inc.9;HIDRANTES en Guarda Mecanizada (rgo. 3);HIDRANTES;Cantidad;;;tasaxrangos;rango hidrantes;0;0;1;5370;0;0;;Módulos de condiciones contra incendio. Uso Industrial/Depósitos/Comercial/Otros.  - Hidrantes;27;17;2;detalle;895
15;Medidas c/Incendio en instalaciones de riesgo 3;183;184;186;142;185;22;9;;Art.22,Inc.9;HIDRANTES en Deposito e Industria (aire libre) (rgo. 3);HIDRANTES;Cantidad;;;tasaxrangos;rango hidrantes;0;0;1;5370;0;0;;Módulos de condiciones contra incendio. Uso Industrial/Depósitos/Comercial/Otros.  - Hidrantes;27;17;2;detalle;895
15;Medidas c/Incendio en instalaciones de riesgo 3;185;186;187;143;185;22;9;;Art.22,Inc.9;ROCIADORES en Vivienda colectiva (rgo. 3);ROCIADORES;Cantidad;;;tasaxrangos;rango rociadores;0;0;1;1800;0;0;;Módulos de condiciones contra incendio. Uso Residencial -  /rociadores/sprinklers;21;13;2;detalle;450
15;Medidas c/Incendio en instalaciones de riesgo 3;187;187;188;144;185;22;9;;Art.22,Inc.9;ROCIADORES en Banco/Hotel (rgo. 3);ROCIADORES;Cantidad;;;tasaxrangos;rango rociadores;0;0;1;7160;0;0;;Módulos de condiciones contra incendio. Uso Industrial/Depósitos/Comercial/Otros -  /rociadores/sprinklers;29;18;2;detalle;895
15;Medidas c/Incendio en instalaciones de riesgo 3;188;188;189;145;185;22;9;;Art.22,Inc.9;ROCIADORES en Actividades Administrativas (rgo. 3);ROCIADORES;Cantidad;;;tasaxrangos;rango rociadores;0;0;1;7160;0;0;;Módulos de condiciones contra incendio. Uso Industrial/Depósitos/Comercial/Otros -  /rociadores/sprinklers;29;18;2;detalle;895
15;Medidas c/Incendio en instalaciones de riesgo 3;189;189;192;146;185;22;9;;Art.22,Inc.9;ROCIADORES en Locales comerciales (rgo. 3);ROCIADORES;Cantidad;;;tasaxrangos;rango rociadores;0;0;1;7160;0;0;;Módulos de condiciones contra incendio. Uso Industrial/Depósitos/Comercial/Otros -  /rociadores/sprinklers;29;18;2;detalle;895
15;Medidas c/Incendio en instalaciones de riesgo 3;190;192;194;147;185;22;9;;Art.22,Inc.9;ROCIADORES en Industria (rgo. 3);ROCIADORES;Cantidad;;;tasaxrangos;rango rociadores;0;0;1;7160;0;0;;Módulos de condiciones contra incendio. Uso Industrial/Depósitos/Comercial/Otros -  /rociadores/sprinklers;29;18;2;detalle;895
15;Medidas c/Incendio en instalaciones de riesgo 3;193;194;196;148;185;22;9;;Art.22,Inc.9;ROCIADORES en Depositos (rgo. 3);ROCIADORES;Cantidad;;;tasaxrangos;rango rociadores;0;0;1;7160;0;0;;Módulos de condiciones contra incendio. Uso Industrial/Depósitos/Comercial/Otros -  /rociadores/sprinklers;29;18;2;detalle;895
15;Medidas c/Incendio en instalaciones de riesgo 3;195;196;197;149;185;22;9;;Art.22,Inc.9;ROCIADORES en Estacion de servicio Garages (rgo. 3);ROCIADORES;Cantidad;;;tasaxrangos;rango rociadores;0;0;1;7160;0;0;;Módulos de condiciones contra incendio. Uso Industrial/Depósitos/Comercial/Otros -  /rociadores/sprinklers;29;18;2;detalle;895
15;Medidas c/Incendio en instalaciones de riesgo 3;197;197;200;150;185;22;9;;Art.22,Inc.9;ROCIADORES en Industrias Taller mecanico (rgo. 3);ROCIADORES;Cantidad;;;tasaxrangos;rango rociadores;0;0;1;7160;0;0;;Módulos de condiciones contra incendio. Uso Industrial/Depósitos/Comercial/Otros -  /rociadores/sprinklers;29;18;2;detalle;895
15;Medidas c/Incendio en instalaciones de riesgo 3;198;200;203;151;185;22;9;;Art.22,Inc.9;ROCIADORES en Galerias comerciales (rgo. 3);ROCIADORES;Cantidad;;;tasaxrangos;rango rociadores;0;0;1;10740;0;0;;Módulos de condiciones contra incendio. Uso Industrial/Depósitos/Comercial/Otros -  /rociadores/sprinklers;29;18;2;detalle;895
15;Medidas c/Incendio en instalaciones de riesgo 3;201;203;204;152;185;22;9;;Art.22,Inc.9;ROCIADORES en Television (rgo. 3);ROCIADORES;Cantidad;;;tasaxrangos;rango rociadores;0;0;1;8950;0;0;;Módulos de condiciones contra incendio. Uso Industrial/Depósitos/Comercial/Otros -  /rociadores/sprinklers;29;18;2;detalle;895
15;Medidas c/Incendio en instalaciones de riesgo 3;204;204;205;153;185;22;9;;Art.22,Inc.9;SIST.ESPEC. en Banco/Hotel (rgo. 3);SIST.ESPEC.;Cantidad;;;tasaconminimo;;0;0;1;8950;0;0;;Módulos de condiciones contra incendio. Uso Industrial/Depósitos/Comercial/Otros. -sistemas especiales;25;15;1;Total;895
15;Medidas c/Incendio en instalaciones de riesgo 3;205;205;207;154;185;22;9;;Art.22,Inc.9;SIST.ESPEC. en Actividades Administrativas (rgo. 3);SIST.ESPEC.;Cantidad;;;tasaconminimo;;0;0;1;8950;0;0;;Módulos de condiciones contra incendio. Uso Industrial/Depósitos/Comercial/Otros. -sistemas especiales;25;15;1;Total;895
15;Medidas c/Incendio en instalaciones de riesgo 3;206;207;209;155;185;22;9;;Art.22,Inc.9;SIST.ESPEC. en Locales comerciales (rgo. 3);SIST.ESPEC.;Cantidad;;;tasaconminimo;;0;0;1;8950;0;0;;Módulos de condiciones contra incendio. Uso Industrial/Depósitos/Comercial/Otros. -sistemas especiales;25;15;1;Total;895
15;Medidas c/Incendio en instalaciones de riesgo 3;208;209;212;156;185;22;9;;Art.22,Inc.9;SIST.ESPEC. en Galerias comerciales (rgo. 3);SIST.ESPEC.;Cantidad;;;tasaconminimo;;0;0;1;10740;0;0;;Módulos de condiciones contra incendio. Uso Industrial/Depósitos/Comercial/Otros. -sistemas especiales;25;15;1;Total;895
15;Medidas c/Incendio en instalaciones de riesgo 3;210;212;215;157;185;22;9;;Art.22,Inc.9;SIST.ESPEC. en Industria (rgo. 3);SIST.ESPEC.;Cantidad;;;tasaconminimo;;0;0;1;8950;0;0;;Módulos de condiciones contra incendio. Uso Industrial/Depósitos/Comercial/Otros. -sistemas especiales;25;15;1;Total;895
15;Medidas c/Incendio en instalaciones de riesgo 3;213;215;217;158;185;22;9;;Art.22,Inc.9;SIST.ESPEC. en Depositos (rgo. 3);SIST.ESPEC.;Cantidad;;;tasaconminimo;;0;0;1;8950;0;0;;Módulos de condiciones contra incendio. Uso Industrial/Depósitos/Comercial/Otros. -sistemas especiales;25;15;1;Total;895
15;Medidas c/Incendio en instalaciones de riesgo 3;216;217;218;159;185;22;9;;Art.22,Inc.9;SIST.ESPEC. en Television (rgo. 3);SIST.ESPEC.;Cantidad;;;tasaconminimo;;0;0;1;10740;0;0;;Módulos de condiciones contra incendio. Uso Industrial/Depósitos/Comercial/Otros. -sistemas especiales;25;15;1;Total;895
15;Medidas c/Incendio en instalaciones de riesgo 3;218;218;219;160;185;22;9;;Art.22,Inc.9;SIST.ESPEC. en Estacion de servicio Garages (rgo. 3);SIST.ESPEC.;Cantidad;;;tasaconminimo;;0;0;1;8950;0;0;;Módulos de condiciones contra incendio. Uso Industrial/Depósitos/Comercial/Otros. -sistemas especiales;25;15;1;Total;895
15;Medidas c/Incendio en instalaciones de riesgo 3;219;219;221;161;185;22;9;;Art.22,Inc.9;SIST.ESPEC. en Industrias Taller mecanico (rgo. 3);SIST.ESPEC.;Cantidad;;;tasaconminimo;;0;0;1;8950;0;0;;Módulos de condiciones contra incendio. Uso Industrial/Depósitos/Comercial/Otros. -sistemas especiales;25;15;1;Total;895
15;Medidas c/Incendio en instalaciones de riesgo 3;220;221;222;162;185;22;9;;Art.22,Inc.9;SIST.ESPEC. en Guarda Mecanizada (rgo. 3);SIST.ESPEC.;Cantidad;;;tasaconminimo;;0;0;1;8950;0;0;;Módulos de condiciones contra incendio. Uso Industrial/Depósitos/Comercial/Otros. -sistemas especiales;25;15;1;Total;895
15;Medidas c/Incendio en instalaciones de riesgo 3;222;222;223;163;185;22;9;;Art.22,Inc.9;S.DETECCION en Vivienda colectiva (rgo. 3);S.DETECCION;Cantidad;;;tasaxrangos;rango s.deteccion;0;0;1;1350;0;0;;Módulos de condiciones contra incendio. Uso Residencial - detectores;23;14;2;detalle;450
15;Medidas c/Incendio en instalaciones de riesgo 3;223;223;224;164;185;22;9;;Art.22,Inc.9;S.DETECCION en Banco/Hotel (rgo. 3);S.DETECCION;Cantidad;;;tasaxrangos;rango s.deteccion;0;0;1;5370;0;0;;Módulos de condiciones contra incendio. Uso Industrial/Depósitos/Comercial/Otros - detectores;31;19;2;detalle;895
15;Medidas c/Incendio en instalaciones de riesgo 3;224;224;226;165;185;22;9;;Art.22,Inc.9;S.DETECCION en Actividades Administrativas (rgo. 3);S.DETECCION;Cantidad;;;tasaxrangos;rango s.deteccion;0;0;1;5370;0;0;;Módulos de condiciones contra incendio. Uso Industrial/Depósitos/Comercial/Otros - detectores;31;19;2;detalle;895
15;Medidas c/Incendio en instalaciones de riesgo 3;225;226;228;166;185;22;9;;Art.22,Inc.9;S.DETECCION en Locales comerciales (rgo. 3);S.DETECCION;Cantidad;;;tasaxrangos;rango s.deteccion;0;0;1;5370;0;0;;Módulos de condiciones contra incendio. Uso Industrial/Depósitos/Comercial/Otros - detectores;31;19;2;detalle;895
15;Medidas c/Incendio en instalaciones de riesgo 3;227;228;231;167;185;22;9;;Art.22,Inc.9;S.DETECCION en Galerias comerciales (rgo. 3);S.DETECCION;Cantidad;;;tasaxrangos;rango s.deteccion;0;0;1;8950;0;0;;Módulos de condiciones contra incendio. Uso Industrial/Depósitos/Comercial/Otros - detectores;31;19;2;detalle;895
15;Medidas c/Incendio en instalaciones de riesgo 3;229;231;234;168;185;22;9;;Art.22,Inc.9;S.DETECCION en Industria (rgo. 3);S.DETECCION;Cantidad;;;tasaxrangos;rango s.deteccion;0;0;1;5370;0;0;;Módulos de condiciones contra incendio. Uso Industrial/Depósitos/Comercial/Otros - detectores;31;19;2;detalle;895
15;Medidas c/Incendio en instalaciones de riesgo 3;232;234;237;169;185;22;9;;Art.22,Inc.9;S.DETECCION en Depositos (rgo. 3);S.DETECCION;Cantidad;;;tasaxrangos;rango s.deteccion;0;0;1;5370;0;0;;Módulos de condiciones contra incendio. Uso Industrial/Depósitos/Comercial/Otros - detectores;31;19;2;detalle;895
15;Medidas c/Incendio en instalaciones de riesgo 3;235;237;238;170;185;22;9;;Art.22,Inc.9;S.DETECCION en Cine Teatro (rgo. 3);S.DETECCION;Cantidad;;;tasaxrangos;rango s.deteccion;0;0;1;7160;0;0;;Módulos de condiciones contra incendio. Uso Industrial/Depósitos/Comercial/Otros - detectores;31;19;2;detalle;895
15;Medidas c/Incendio en instalaciones de riesgo 3;238;238;242;171;185;22;9;;Art.22,Inc.9;S.DETECCION en Television (rgo. 3);S.DETECCION;Cantidad;;;tasaxrangos;rango s.deteccion;0;0;1;7160;0;0;;Módulos de condiciones contra incendio. Uso Industrial/Depósitos/Comercial/Otros - detectores;31;19;2;detalle;895
15;Medidas c/Incendio en instalaciones de riesgo 3;239;242;243;172;185;22;9;;Art.22,Inc.9;S.DETECCION en Estacion de servicio Garages (rgo. 3);S.DETECCION;Cantidad;;;tasaxrangos;rango s.deteccion;0;0;1;5370;0;0;;Módulos de condiciones contra incendio. Uso Industrial/Depósitos/Comercial/Otros - detectores;31;19;2;detalle;895
15;Medidas c/Incendio en instalaciones de riesgo 3;243;243;245;173;185;22;9;;Art.22,Inc.9;S.DETECCION en Industrias Taller mecanico (rgo. 3);S.DETECCION;Cantidad;;;tasaxrangos;rango s.deteccion;0;0;1;5370;0;0;;Módulos de condiciones contra incendio. Uso Industrial/Depósitos/Comercial/Otros - detectores;31;19;2;detalle;895
15;Medidas c/Incendio en instalaciones de riesgo 3;244;245;246;174;185;22;9;;Art.22,Inc.9;S.DETECCION en Guarda Mecanizada (rgo. 3);S.DETECCION;Cantidad;;;tasaxrangos;rango s.deteccion;0;0;1;5370;0;0;;Módulos de condiciones contra incendio. Uso Industrial/Depósitos/Comercial/Otros - detectores;31;19;2;detalle;895
15;Medidas c/Incendio en instalaciones de riesgo 3;246;246;248;175;185;22;9;;Art.22,Inc.9;Escalera c/Incendios MENOR 12 m en Residencial (rgo. 3);Escaleras;Cantidad;;;tasaconminimo;;0;450;450;0;0;0;;Módulos de condiciones contra incendio. Uso Residencial - Escaleras;34;20;1;Total;450
15;Medidas c/Incendio en instalaciones de riesgo 3;247;248;251;176;185;22;9;;Art.22,Inc.9;Escalera c/Incendios MENOR 12 m en Industria (rgo. 3);Escaleras;Cantidad;;;tasaconminimo;;0;1790;1790;0;0;0;;Módulos de condiciones contra incendio. Uso Industrial/Depósitos/Comercial/Otros. -Escaleras;35;21;1;Total;895
15;Medidas c/Incendio en instalaciones de riesgo 3;249;251;253;177;185;22;9;;Art.22,Inc.9;Escalera c/Incendios MENOR 12 m en Comercial (rgo. 3);Escaleras;Cantidad;;;tasaconminimo;;0;1790;1790;0;0;0;;Módulos de condiciones contra incendio. Uso Industrial/Depósitos/Comercial/Otros. -Escaleras;35;21;1;Total;895
15;Medidas c/Incendio en instalaciones de riesgo 3;252;253;255;178;185;22;9;;Art.22,Inc.9;Escalera c/Incendios MENOR 12 m en Espectáculos (rgo. 3);Escaleras;Cantidad;;;tasaconminimo;;0;1790;1790;0;0;0;;Módulos de condiciones contra incendio. Uso Industrial/Depósitos/Comercial/Otros. -Escaleras;35;21;1;Total;895
15;Medidas c/Incendio en instalaciones de riesgo 3;254;255;257;179;185;22;9;;Art.22,Inc.9;Escalera c/Incendios HASTA 30 m en Residencial (rgo. 3);Escaleras;Cantidad;;;tasaconminimo;;0;900;900;0;0;0;;Módulos de condiciones contra incendio. Uso Residencial - Escaleras;34;20;1;Total;450
15;Medidas c/Incendio en instalaciones de riesgo 3;256;257;260;180;185;22;9;;Art.22,Inc.9;Escalera c/Incendios HASTA 30 m en Industria (rgo. 3);Escaleras;Cantidad;;;tasaconminimo;;0;2685;2685;0;0;0;;Módulos de condiciones contra incendio. Uso Industrial/Depósitos/Comercial/Otros. -Escaleras;35;21;1;Total;895
15;Medidas c/Incendio en instalaciones de riesgo 3;258;260;262;181;185;22;9;;Art.22,Inc.9;Escalera c/Incendios HASTA 30 m en Comercial (rgo. 3);Escaleras;Cantidad;;;tasaconminimo;;0;2685;2685;0;0;0;;Módulos de condiciones contra incendio. Uso Industrial/Depósitos/Comercial/Otros. -Escaleras;35;21;1;Total;895
15;Medidas c/Incendio en instalaciones de riesgo 3;261;262;264;182;185;22;9;;Art.22,Inc.9;Escalera c/Incendios HASTA 30 m en Espectáculos (rgo. 3);Escaleras;Cantidad;;;tasaconminimo;;0;2685;2685;0;0;0;;Módulos de condiciones contra incendio. Uso Industrial/Depósitos/Comercial/Otros. -Escaleras;35;21;1;Total;895
15;Medidas c/Incendio en instalaciones de riesgo 3;263;264;266;183;185;22;9;;Art.22,Inc.9;Escalera c/Incendios MAYOR  30 m en Residencial (rgo. 3);Escaleras;Cantidad;;;tasaconminimo;;0;1350;1350;0;0;0;;Módulos de condiciones contra incendio. Uso Residencial - Escaleras;34;20;1;Total;450
15;Medidas c/Incendio en instalaciones de riesgo 3;265;266;268;184;185;22;9;;Art.22,Inc.9;Escalera c/Incendios MAYOR  30 m en Comercial (rgo. 3);Escaleras;Cantidad;;;tasaconminimo;;0;3580;3580;0;0;0;;Módulos de condiciones contra incendio. Uso Industrial/Depósitos/Comercial/Otros. -Escaleras;35;21;1;Total;895
15;Medidas c/Incendio en instalaciones de riesgo 3;267;268;;185;185;22;9;;Art.22,Inc.9;Escalera c/Incendios MAYOR  30 m en Espectáculos (rgo. 3);Escaleras;Cantidad;;;tasaconminimo;;0;3580;3580;0;0;0;;Módulos de condiciones contra incendio. Uso Industrial/Depósitos/Comercial/Otros. -Escaleras;35;21;1;Total;895
16;Medidas c/Incendio en instalaciones de riesgo 4;1;134;136;186;233;22;9;;Art.22,Inc.9;EXTINTORES en Locales comerciales (rgo. 4);Extintores;Cantidad;;;tasaconminimo;;0;0;1;2685;0;0;;Módulos de condiciones contra incendio. Uso Industrial/Depósitos/Comercial/Otros. -Extintores;26;16;1;Total;895
16;Medidas c/Incendio en instalaciones de riesgo 4;135;136;139;187;233;22;9;;Art.22,Inc.9;EXTINTORES en Sanidad Salubridad (rgo. 4);Extintores;Cantidad;;;tasaconminimo;;0;0;1;3580;0;0;;Módulos de condiciones contra incendio. Uso Industrial/Depósitos/Comercial/Otros. -Extintores;26;16;1;Total;895
16;Medidas c/Incendio en instalaciones de riesgo 4;137;139;142;188;233;22;9;;Art.22,Inc.9;EXTINTORES en Industria (rgo. 4);Extintores;Cantidad;;;tasaconminimo;;0;0;1;2685;0;0;;Módulos de condiciones contra incendio. Uso Industrial/Depósitos/Comercial/Otros. -Extintores;26;16;1;Total;895
16;Medidas c/Incendio en instalaciones de riesgo 4;140;142;143;189;233;22;9;;Art.22,Inc.9;EXTINTORES en Depositos (rgo. 4);Extintores;Cantidad;;;tasaconminimo;;0;0;1;2685;0;0;;Módulos de condiciones contra incendio. Uso Industrial/Depósitos/Comercial/Otros. -Extintores;26;16;1;Total;895
16;Medidas c/Incendio en instalaciones de riesgo 4;143;143;146;190;233;22;9;;Art.22,Inc.9;EXTINTORES en Educacion (rgo. 4);Extintores;Cantidad;;;tasaconminimo;;0;0;1;3580;0;0;;Módulos de condiciones contra incendio. Uso Industrial/Depósitos/Comercial/Otros. -Extintores;26;16;1;Total;895
16;Medidas c/Incendio en instalaciones de riesgo 4;144;146;147;191;233;22;9;;Art.22,Inc.9;EXTINTORES en Estadio (rgo. 4);Extintores;Cantidad;;;tasaconminimo;;0;0;1;5370;0;0;;Módulos de condiciones contra incendio. Uso Industrial/Depósitos/Comercial/Otros. -Extintores;26;16;1;Total;895
16;Medidas c/Incendio en instalaciones de riesgo 4;147;147;148;192;233;22;9;;Art.22,Inc.9;EXTINTORES en Otros rubros (rgo. 4);Extintores;Cantidad;;;tasaconminimo;;0;0;1;5370;0;0;;Módulos de condiciones contra incendio. Uso Industrial/Depósitos/Comercial/Otros. -Extintores;26;16;1;Total;895
16;Medidas c/Incendio en instalaciones de riesgo 4;148;148;149;193;233;22;9;;Art.22,Inc.9;EXTINTORES en Actividades religiosas (rgo. 4);Extintores;Cantidad;;;tasaconminimo;;0;0;1;5370;0;0;;Módulos de condiciones contra incendio. Uso Industrial/Depósitos/Comercial/Otros. -Extintores;26;16;1;Total;895
16;Medidas c/Incendio en instalaciones de riesgo 4;149;149;152;194;233;22;9;;Art.22,Inc.9;"EXTINTORES en Actividades
culturales (rgo. 4)";Extintores;Cantidad;;;tasaconminimo;;0;0;1;3580;0;0;;Módulos de condiciones contra incendio. Uso Industrial/Depósitos/Comercial/Otros. -Extintores;26;16;1;Total;895
16;Medidas c/Incendio en instalaciones de riesgo 4;150;152;156;195;233;22;9;;Art.22,Inc.9;EXTINTORES en Comercio Deposito (rgo. 4);Extintores;Cantidad;;;tasaconminimo;;0;0;1;2685;0;0;;Módulos de condiciones contra incendio. Uso Industrial/Depósitos/Comercial/Otros. -Extintores;26;16;1;Total;895
16;Medidas c/Incendio en instalaciones de riesgo 4;153;156;163;196;233;22;9;;Art.22,Inc.9;EXTINTORES en Deposito e Industria (aire libre) (rgo. 4);Extintores;Cantidad;;;tasaconminimo;;0;0;1;2685;0;0;;Módulos de condiciones contra incendio. Uso Industrial/Depósitos/Comercial/Otros. -Extintores;26;16;1;Total;895
16;Medidas c/Incendio en instalaciones de riesgo 4;157;163;165;197;233;22;9;;Art.22,Inc.9;HIDRANTES en Locales comerciales (rgo. 4);HIDRANTES;Cantidad;;;tasaxrangos;rango hidrantes;0;0;1;4475;0;0;;Módulos de condiciones contra incendio. Uso Industrial/Depósitos/Comercial/Otros.  - Hidrantes;27;17;2;detalle;895
16;Medidas c/Incendio en instalaciones de riesgo 4;164;165;168;198;233;22;9;;Art.22,Inc.9;HIDRANTES en Sanidad Salubridad (rgo. 4);HIDRANTES;Cantidad;;;tasaxrangos;rango hidrantes;0;0;1;5370;0;0;;Módulos de condiciones contra incendio. Uso Industrial/Depósitos/Comercial/Otros.  - Hidrantes;27;17;2;detalle;895
16;Medidas c/Incendio en instalaciones de riesgo 4;166;168;172;199;233;22;9;;Art.22,Inc.9;HIDRANTES en Industria (rgo. 4);HIDRANTES;Cantidad;;;tasaxrangos;rango hidrantes;0;0;1;4475;0;0;;Módulos de condiciones contra incendio. Uso Industrial/Depósitos/Comercial/Otros.  - Hidrantes;27;17;2;detalle;895
16;Medidas c/Incendio en instalaciones de riesgo 4;169;172;173;200;233;22;9;;Art.22,Inc.9;HIDRANTES en Depositos (rgo. 4);HIDRANTES;Cantidad;;;tasaxrangos;rango hidrantes;0;0;1;4475;0;0;;Módulos de condiciones contra incendio. Uso Industrial/Depósitos/Comercial/Otros.  - Hidrantes;27;17;2;detalle;895
16;Medidas c/Incendio en instalaciones de riesgo 4;173;173;176;201;233;22;9;;Art.22,Inc.9;HIDRANTES en Educacion (rgo. 4);HIDRANTES;Cantidad;;;tasaxrangos;rango hidrantes;0;0;1;5370;0;0;;Módulos de condiciones contra incendio. Uso Industrial/Depósitos/Comercial/Otros.  - Hidrantes;27;17;2;detalle;895
16;Medidas c/Incendio en instalaciones de riesgo 4;174;176;177;202;233;22;9;;Art.22,Inc.9;HIDRANTES en Estadio (rgo. 4);HIDRANTES;Cantidad;;;tasaxrangos;rango hidrantes;0;0;1;7160;0;0;;Módulos de condiciones contra incendio. Uso Industrial/Depósitos/Comercial/Otros.  - Hidrantes;27;17;2;detalle;895
16;Medidas c/Incendio en instalaciones de riesgo 4;177;177;178;203;233;22;9;;Art.22,Inc.9;HIDRANTES en Otros rubros (rgo. 4);HIDRANTES;Cantidad;;;tasaxrangos;rango hidrantes;0;0;1;7160;0;0;;Módulos de condiciones contra incendio. Uso Industrial/Depósitos/Comercial/Otros.  - Hidrantes;27;17;2;detalle;895
16;Medidas c/Incendio en instalaciones de riesgo 4;178;178;181;204;233;22;9;;Art.22,Inc.9;"HIDRANTES en Actividades
culturales (rgo. 4)";HIDRANTES;Cantidad;;;tasaxrangos;rango hidrantes;0;0;1;5370;0;0;;Módulos de condiciones contra incendio. Uso Industrial/Depósitos/Comercial/Otros.  - Hidrantes;27;17;2;detalle;895
16;Medidas c/Incendio en instalaciones de riesgo 4;179;181;185;205;233;22;9;;Art.22,Inc.9;HIDRANTES en Comercio Deposito (rgo. 4);HIDRANTES;Cantidad;;;tasaxrangos;rango hidrantes;0;0;1;4475;0;0;;Módulos de condiciones contra incendio. Uso Industrial/Depósitos/Comercial/Otros.  - Hidrantes;27;17;2;detalle;895
16;Medidas c/Incendio en instalaciones de riesgo 4;182;185;190;206;233;22;9;;Art.22,Inc.9;HIDRANTES en Deposito e Industria (aire libre) (rgo. 4);HIDRANTES;Cantidad;;;tasaxrangos;rango hidrantes;0;0;1;4475;0;0;;Módulos de condiciones contra incendio. Uso Industrial/Depósitos/Comercial/Otros.  - Hidrantes;27;17;2;detalle;895
16;Medidas c/Incendio en instalaciones de riesgo 4;186;190;191;207;233;22;9;;Art.22,Inc.9;ROCIADORES en Locales comerciales (rgo. 4);ROCIADORES;Cantidad;;;tasaxrangos;rango rociadores;0;0;1;6265;0;0;;Módulos de condiciones contra incendio. Uso Industrial/Depósitos/Comercial/Otros -  /rociadores/sprinklers;29;18;2;detalle;895
16;Medidas c/Incendio en instalaciones de riesgo 4;191;191;193;208;233;22;9;;Art.22,Inc.9;ROCIADORES en Sanidad Salubridad (rgo. 4);ROCIADORES;Cantidad;;;tasaxrangos;rango rociadores;0;0;1;7160;0;0;;Módulos de condiciones contra incendio. Uso Industrial/Depósitos/Comercial/Otros -  /rociadores/sprinklers;29;18;2;detalle;895
16;Medidas c/Incendio en instalaciones de riesgo 4;192;193;195;209;233;22;9;;Art.22,Inc.9;ROCIADORES en Industria (rgo. 4);ROCIADORES;Cantidad;;;tasaxrangos;rango rociadores;0;0;1;6265;0;0;;Módulos de condiciones contra incendio. Uso Industrial/Depósitos/Comercial/Otros -  /rociadores/sprinklers;29;18;2;detalle;895
16;Medidas c/Incendio en instalaciones de riesgo 4;194;195;198;210;233;22;9;;Art.22,Inc.9;ROCIADORES en Depositos (rgo. 4);ROCIADORES;Cantidad;;;tasaxrangos;rango rociadores;0;0;1;6265;0;0;;Módulos de condiciones contra incendio. Uso Industrial/Depósitos/Comercial/Otros -  /rociadores/sprinklers;29;18;2;detalle;895
16;Medidas c/Incendio en instalaciones de riesgo 4;196;198;208;211;233;22;9;;Art.22,Inc.9;ROCIADORES en Comercio Deposito (rgo. 4);ROCIADORES;Cantidad;;;tasaxrangos;rango rociadores;0;0;1;6265;0;0;;Módulos de condiciones contra incendio. Uso Industrial/Depósitos/Comercial/Otros -  /rociadores/sprinklers;29;18;2;detalle;895
16;Medidas c/Incendio en instalaciones de riesgo 4;199;208;210;212;233;22;9;;Art.22,Inc.9;SIST.ESPEC. en Locales comerciales (rgo. 4);SIST.ESPEC.;Cantidad;;;tasaconminimo;;0;0;1;7160;0;0;;Módulos de condiciones contra incendio. Uso Industrial/Depósitos/Comercial/Otros. -sistemas especiales;25;15;1;Total;895
16;Medidas c/Incendio en instalaciones de riesgo 4;209;210;213;213;233;22;9;;Art.22,Inc.9;SIST.ESPEC. en Sanidad Salubridad (rgo. 4);SIST.ESPEC.;Cantidad;;;tasaconminimo;;0;0;1;8950;0;0;;Módulos de condiciones contra incendio. Uso Industrial/Depósitos/Comercial/Otros. -sistemas especiales;25;15;1;Total;895
16;Medidas c/Incendio en instalaciones de riesgo 4;211;213;216;214;233;22;9;;Art.22,Inc.9;SIST.ESPEC. en Industria (rgo. 4);SIST.ESPEC.;Cantidad;;;tasaconminimo;;0;0;1;7160;0;0;;Módulos de condiciones contra incendio. Uso Industrial/Depósitos/Comercial/Otros. -sistemas especiales;25;15;1;Total;895
16;Medidas c/Incendio en instalaciones de riesgo 4;214;216;220;215;233;22;9;;Art.22,Inc.9;SIST.ESPEC. en Depositos (rgo. 4);SIST.ESPEC.;Cantidad;;;tasaconminimo;;0;0;1;7160;0;0;;Módulos de condiciones contra incendio. Uso Industrial/Depósitos/Comercial/Otros. -sistemas especiales;25;15;1;Total;895
16;Medidas c/Incendio en instalaciones de riesgo 4;217;220;227;216;233;22;9;;Art.22,Inc.9;SIST.ESPEC. en Comercio Deposito (rgo. 4);SIST.ESPEC.;Cantidad;;;tasaconminimo;;0;0;1;7160;0;0;;Módulos de condiciones contra incendio. Uso Industrial/Depósitos/Comercial/Otros. -sistemas especiales;25;15;1;Total;895
16;Medidas c/Incendio en instalaciones de riesgo 4;221;227;229;217;233;22;9;;Art.22,Inc.9;S.DETECCION en Locales comerciales (rgo. 4);S.DETECCION;Cantidad;;;tasaxrangos;rango s.deteccion;0;0;1;4475;0;0;;Módulos de condiciones contra incendio. Uso Industrial/Depósitos/Comercial/Otros - detectores;31;19;2;detalle;895
16;Medidas c/Incendio en instalaciones de riesgo 4;228;229;232;218;233;22;9;;Art.22,Inc.9;S.DETECCION en Sanidad Salubridad (rgo. 4);S.DETECCION;Cantidad;;;tasaxrangos;rango s.deteccion;0;0;1;5370;0;0;;Módulos de condiciones contra incendio. Uso Industrial/Depósitos/Comercial/Otros - detectores;31;19;2;detalle;895
16;Medidas c/Incendio en instalaciones de riesgo 4;230;232;235;219;233;22;9;;Art.22,Inc.9;S.DETECCION en Industria (rgo. 4);S.DETECCION;Cantidad;;;tasaxrangos;rango s.deteccion;0;0;1;4475;0;0;;Módulos de condiciones contra incendio. Uso Industrial/Depósitos/Comercial/Otros - detectores;31;19;2;detalle;895
16;Medidas c/Incendio en instalaciones de riesgo 4;233;235;236;220;233;22;9;;Art.22,Inc.9;S.DETECCION en Depositos (rgo. 4);S.DETECCION;Cantidad;;;tasaxrangos;rango s.deteccion;0;0;1;4475;0;0;;Módulos de condiciones contra incendio. Uso Industrial/Depósitos/Comercial/Otros - detectores;31;19;2;detalle;895
16;Medidas c/Incendio en instalaciones de riesgo 4;236;236;239;221;233;22;9;;Art.22,Inc.9;S.DETECCION en Educacion (rgo. 4);S.DETECCION;Cantidad;;;tasaxrangos;rango s.deteccion;0;0;1;5370;0;0;;Módulos de condiciones contra incendio. Uso Industrial/Depósitos/Comercial/Otros - detectores;31;19;2;detalle;895
16;Medidas c/Incendio en instalaciones de riesgo 4;237;239;240;222;233;22;9;;Art.22,Inc.9;S.DETECCION en Estadio (rgo. 4);S.DETECCION;Cantidad;;;tasaxrangos;rango s.deteccion;0;0;1;7160;0;0;;Módulos de condiciones contra incendio. Uso Industrial/Depósitos/Comercial/Otros - detectores;31;19;2;detalle;895
16;Medidas c/Incendio en instalaciones de riesgo 4;240;240;241;223;233;22;9;;Art.22,Inc.9;S.DETECCION en Otros rubros (rgo. 4);S.DETECCION;Cantidad;;;tasaxrangos;rango s.deteccion;0;0;1;7160;0;0;;Módulos de condiciones contra incendio. Uso Industrial/Depósitos/Comercial/Otros - detectores;31;19;2;detalle;895
16;Medidas c/Incendio en instalaciones de riesgo 4;241;241;244;224;233;22;9;;Art.22,Inc.9;"S.DETECCION en Actividades
culturales (rgo. 4)";S.DETECCION;Cantidad;;;tasaxrangos;rango s.deteccion;0;0;1;5370;0;0;;Módulos de condiciones contra incendio. Uso Industrial/Depósitos/Comercial/Otros - detectores;31;19;2;detalle;895
16;Medidas c/Incendio en instalaciones de riesgo 4;242;244;249;225;233;22;9;;Art.22,Inc.9;S.DETECCION en Comercio Deposito (rgo. 4);S.DETECCION;Cantidad;;;tasaxrangos;rango s.deteccion;0;0;1;4475;0;0;;Módulos de condiciones contra incendio. Uso Industrial/Depósitos/Comercial/Otros - detectores;31;19;2;detalle;895
16;Medidas c/Incendio en instalaciones de riesgo 4;245;249;252;226;233;22;9;;Art.22,Inc.9;Escalera c/Incendios MENOR 12 m en Industria (rgo. 4);Escaleras;Cantidad;;;tasaconminimo;;0;1790;1790;0;0;0;;Módulos de condiciones contra incendio. Uso Industrial/Depósitos/Comercial/Otros. -Escaleras;35;21;1;Total;895
16;Medidas c/Incendio en instalaciones de riesgo 4;250;252;254;227;233;22;9;;Art.22,Inc.9;Escalera c/Incendios MENOR 12 m en Comercial (rgo. 4);Escaleras;Cantidad;;;tasaconminimo;;0;1790;1790;0;0;0;;Módulos de condiciones contra incendio. Uso Industrial/Depósitos/Comercial/Otros. -Escaleras;35;21;1;Total;895
16;Medidas c/Incendio en instalaciones de riesgo 4;253;254;258;228;233;22;9;;Art.22,Inc.9;Escalera c/Incendios MENOR 12 m en Diversiones culturales y otros (rgo. 4);Escaleras;Cantidad;;;tasaconminimo;;0;1790;1790;0;0;0;;Módulos de condiciones contra incendio. Uso Industrial/Depósitos/Comercial/Otros. -Escaleras;35;21;1;Total;895
16;Medidas c/Incendio en instalaciones de riesgo 4;255;258;261;229;233;22;9;;Art.22,Inc.9;Escalera c/Incendios HASTA 30 m en Industria (rgo. 4);Escaleras;Cantidad;;;tasaconminimo;;0;2685;2685;0;0;0;;Módulos de condiciones contra incendio. Uso Industrial/Depósitos/Comercial/Otros. -Escaleras;35;21;1;Total;895
16;Medidas c/Incendio en instalaciones de riesgo 4;259;261;263;230;233;22;9;;Art.22,Inc.9;Escalera c/Incendios HASTA 30 m en Comercial (rgo. 4);Escaleras;Cantidad;;;tasaconminimo;;0;2685;2685;0;0;0;;Módulos de condiciones contra incendio. Uso Industrial/Depósitos/Comercial/Otros. -Escaleras;35;21;1;Total;895
16;Medidas c/Incendio en instalaciones de riesgo 4;262;263;267;231;233;22;9;;Art.22,Inc.9;Escalera c/Incendios HASTA 30 m en Diversiones culturales y otros (rgo. 4);Escaleras;Cantidad;;;tasaconminimo;;0;2685;2685;0;0;0;;Módulos de condiciones contra incendio. Uso Industrial/Depósitos/Comercial/Otros. -Escaleras;35;21;1;Total;895
16;Medidas c/Incendio en instalaciones de riesgo 4;264;267;269;232;233;22;9;;Art.22,Inc.9;Escalera c/Incendios MAYOR  30 m en Comercial (rgo. 4);Escaleras;Cantidad;;;tasaconminimo;;0;3580;3580;0;0;0;;Módulos de condiciones contra incendio. Uso Industrial/Depósitos/Comercial/Otros. -Escaleras;35;21;1;Total;895
16;Medidas c/Incendio en instalaciones de riesgo 4;268;269;;233;233;22;9;;Art.22,Inc.9;Escalera c/Incendios MAYOR  30 m en Diversiones culturales y otros (rgo. 4);Escaleras;Cantidad;;;tasaconminimo;;0;3580;3580;0;0;0;;Módulos de condiciones contra incendio. Uso Industrial/Depósitos/Comercial/Otros. -Escaleras;35;21;1;Total;895
17;Antenas;1;90;91;234;235;20;1;;Art.20,Inc.1;Estructuras del tipo torre o monoposte, excepto mástiles, pedestales y/o vínculos;Estructuras;Cantidad;;;tasaconminimo;;0;84500;84500;0;0;0;;0;ERROR ***;#¡REF!;#¡REF!;#¡REF!;#¡REF!
17;Antenas;91;91;;235;235;20;2;;Art.20,Inc.2;"estructuras del tipo mástil, vinculo o por cada conjunto de uno o más pedestales instalados en un mismo lugar físico que conformen una única
unidad (celda)";Estructuras;Cantidad;;;tasaconminimo;;0;34320;34320;0;0;0;;0;ERROR ***;#¡REF!;#¡REF!;#¡REF!;#¡REF!
18;Hornos de residuos patológicos;1;100;;236;236;22;5;;Art.22,Inc.5;Hornos de residuos patológicos;M2;Sup. Calefaccionada;;;tasaxrangos;22-5;0;0;1;1405;1;0;;0;ERROR ***;#¡REF!;#¡REF!;#¡REF!;#¡REF!
19;Instalaciones sanitarias;1;270;271;237;238;22;9;;Art.22,Inc.9;Instalaciones Sanitarias Residenciales;Litros;Cantidad;;;sanitarios;hidraulicosresidencial;0;1555;1555;1555;0;0;;Derechos de registro y fiscalización de instalaciones sanitarias internas. Uso residencial;82;35;1;Total;1555
19;Instalaciones sanitarias;271;271;;238;238;22;9;;Art.22,Inc.9;Instalaciones Sanitarias NO Residenciales;Litros;Cantidad;;;sanitarios;hidraulicosnoresidencial;0;3165;3165;3165;0;0;;Derechos de registro y fiscalización de instalaciones sanitarias internas. Uso no residencial;83;36;1;Total;3165
20;;1;#N/A;;239;0;#N/A;#N/A;#N/A;#N/A;#N/A;#N/A;#N/A;#N/A;#N/A;#N/A;#N/A;#N/A;#N/A;#N/A;#N/A;#N/A;#N/A;;#N/A;ERROR ***;#¡REF!;#¡REF!;;#¡REF!
